assignment,graph_cost,qubo_energy
000000,8,8.0
000001,9,9.0
000010,11,11.0
000011,8,8.0
000100,10,10.0
000101,9,9.0
000110,7,7.0
000111,2,2.0
001000,8,8.0
001001,13,13.0
001010,11,11.0
001011,12,12.0
001100,8,8.0
001101,11,11.0
001110,5,5.0
001111,4,4.0
010000,11,11.0
010001,12,12.0
010010,18,18.0
010011,15,15.0
010100,13,13.0
010101,12,12.0
010110,14,14.0
010111,9,9.0
011000,7,7.0
011001,12,12.0
011010,14,14.0
011011,15,15.0
011100,7,7.0
011101,10,10.0
011110,8,8.0
011111,7,7.0
100000,7,7.0
100001,8,8.0
100010,10,10.0
100011,7,7.0
100100,15,15.0
100101,14,14.0
100110,12,12.0
100111,7,7.0
101000,9,9.0
101001,14,14.0
101010,12,12.0
101011,13,13.0
101100,15,15.0
101101,18,18.0
101110,12,12.0
101111,11,11.0
110000,4,4.0
110001,5,5.0
110010,11,11.0
110011,8,8.0
110100,12,12.0
110101,11,11.0
110110,13,13.0
110111,8,8.0
111000,2,2.0
111001,7,7.0
111010,9,9.0
111011,10,10.0
111100,8,8.0
111101,11,11.0
111110,9,9.0
111111,8,8.0
