seed,read,best_assignment,best_energy
0,0,000111,2.0
0,1,111000,2.0
0,2,111000,2.0
0,3,000111,2.0
0,4,111000,2.0
0,5,000111,2.0
0,6,000111,2.0
0,7,111000,2.0
0,8,111000,2.0
0,9,000111,2.0
0,10,111000,2.0
0,11,000111,2.0
0,12,000111,2.0
0,13,000111,2.0
0,14,111000,2.0
0,15,000111,2.0
0,16,111000,2.0
0,17,000111,2.0
0,18,111000,2.0
0,19,000111,2.0
0,20,111000,2.0
0,21,111000,2.0
0,22,111000,2.0
0,23,000111,2.0
0,24,000111,2.0
0,25,000111,2.0
0,26,111000,2.0
0,27,111000,2.0
0,28,000111,2.0
0,29,111000,2.0
0,30,000111,2.0
0,31,000111,2.0
0,32,111000,2.0
0,33,000111,2.0
0,34,111000,2.0
0,35,000111,2.0
0,36,000111,2.0
0,37,000111,2.0
0,38,111000,2.0
0,39,000111,2.0
0,40,111000,2.0
0,41,000111,2.0
0,42,000111,2.0
0,43,000111,2.0
0,44,000111,2.0
0,45,000111,2.0
0,46,000111,2.0
0,47,000111,2.0
0,48,000111,2.0
0,49,000111,2.0
0,50,111000,2.0
0,51,000111,2.0
0,52,111000,2.0
0,53,000111,2.0
0,54,000111,2.0
0,55,000111,2.0
0,56,111000,2.0
0,57,111000,2.0
0,58,111000,2.0
0,59,111000,2.0
0,60,000111,2.0
0,61,000111,2.0
0,62,000111,2.0
0,63,000111,2.0
1,0,000111,2.0
1,1,111000,2.0
1,2,000111,2.0
1,3,111000,2.0
1,4,111000,2.0
1,5,000111,2.0
1,6,111000,2.0
1,7,000111,2.0
1,8,000111,2.0
1,9,000111,2.0
1,10,000111,2.0
1,11,111000,2.0
1,12,111000,2.0
1,13,000111,2.0
1,14,000111,2.0
1,15,000111,2.0
1,16,000111,2.0
1,17,000111,2.0
1,18,000111,2.0
1,19,000111,2.0
1,20,000111,2.0
1,21,000111,2.0
1,22,000111,2.0
1,23,000111,2.0
1,24,111000,2.0
1,25,111000,2.0
1,26,111000,2.0
1,27,111000,2.0
1,28,000111,2.0
1,29,000111,2.0
1,30,000111,2.0
1,31,000111,2.0
1,32,111000,2.0
1,33,111000,2.0
1,34,000111,2.0
1,35,000111,2.0
1,36,000111,2.0
1,37,000111,2.0
1,38,000111,2.0
1,39,111000,2.0
1,40,000111,2.0
1,41,111000,2.0
1,42,111000,2.0
1,43,111000,2.0
1,44,111000,2.0
1,45,111000,2.0
1,46,111000,2.0
1,47,111000,2.0
1,48,111000,2.0
1,49,000111,2.0
1,50,111000,2.0
1,51,000111,2.0
1,52,111000,2.0
1,53,111000,2.0
1,54,000111,2.0
1,55,000111,2.0
1,56,111000,2.0
1,57,111000,2.0
1,58,111000,2.0
1,59,000111,2.0
1,60,111000,2.0
1,61,111000,2.0
1,62,111000,2.0
1,63,111000,2.0
2,0,111000,2.0
2,1,111000,2.0
2,2,111000,2.0
2,3,111000,2.0
2,4,111000,2.0
2,5,111000,2.0
2,6,111000,2.0
2,7,111000,2.0
2,8,000111,2.0
2,9,111000,2.0
2,10,111000,2.0
2,11,111000,2.0
2,12,000111,2.0
2,13,000111,2.0
2,14,000111,2.0
2,15,000111,2.0
2,16,000111,2.0
2,17,000111,2.0
2,18,000111,2.0
2,19,111000,2.0
2,20,000111,2.0
2,21,111000,2.0
2,22,111000,2.0
2,23,000111,2.0
2,24,000111,2.0
2,25,111000,2.0
2,26,111000,2.0
2,27,000111,2.0
2,28,111000,2.0
2,29,111000,2.0
2,30,111000,2.0
2,31,000111,2.0
2,32,000111,2.0
2,33,000111,2.0
2,34,000111,2.0
2,35,000111,2.0
2,36,000111,2.0
2,37,000111,2.0
2,38,111000,2.0
2,39,111000,2.0
2,40,111000,2.0
2,41,111000,2.0
2,42,111000,2.0
2,43,111000,2.0
2,44,111000,2.0
2,45,111000,2.0
2,46,111000,2.0
2,47,111000,2.0
2,48,111000,2.0
2,49,111000,2.0
2,50,000111,2.0
2,51,000111,2.0
2,52,000111,2.0
2,53,000111,2.0
2,54,000111,2.0
2,55,000111,2.0
2,56,000111,2.0
2,57,000111,2.0
2,58,111000,2.0
2,59,000111,2.0
2,60,000111,2.0
2,61,000111,2.0
2,62,000111,2.0
2,63,000111,2.0
3,0,000111,2.0
3,1,000111,2.0
3,2,000111,2.0
3,3,000111,2.0
3,4,111000,2.0
3,5,111000,2.0
3,6,000111,2.0
3,7,111000,2.0
3,8,000111,2.0
3,9,111000,2.0
3,10,111000,2.0
3,11,111000,2.0
3,12,111000,2.0
3,13,000111,2.0
3,14,000111,2.0
3,15,000111,2.0
3,16,000111,2.0
3,17,111000,2.0
3,18,111000,2.0
3,19,000111,2.0
3,20,111000,2.0
3,21,000111,2.0
3,22,111000,2.0
3,23,111000,2.0
3,24,000111,2.0
3,25,111000,2.0
3,26,111000,2.0
3,27,111000,2.0
3,28,000111,2.0
3,29,000111,2.0
3,30,111000,2.0
3,31,000111,2.0
3,32,000111,2.0
3,33,000111,2.0
3,34,000111,2.0
3,35,111000,2.0
3,36,000111,2.0
3,37,000111,2.0
3,38,111000,2.0
3,39,111000,2.0
3,40,111000,2.0
3,41,000111,2.0
3,42,111000,2.0
3,43,111000,2.0
3,44,111000,2.0
3,45,000111,2.0
3,46,111000,2.0
3,47,000111,2.0
3,48,000111,2.0
3,49,111000,2.0
3,50,111000,2.0
3,51,000111,2.0
3,52,111000,2.0
3,53,111000,2.0
3,54,111000,2.0
3,55,111000,2.0
3,56,000111,2.0
3,57,111000,2.0
3,58,000111,2.0
3,59,000111,2.0
3,60,111000,2.0
3,61,000111,2.0
3,62,000111,2.0
3,63,000111,2.0
4,0,000111,2.0
4,1,000111,2.0
4,2,111000,2.0
4,3,111000,2.0
4,4,111000,2.0
4,5,000111,2.0
4,6,000111,2.0
4,7,000111,2.0
4,8,000111,2.0
4,9,111000,2.0
4,10,000111,2.0
4,11,000111,2.0
4,12,000111,2.0
4,13,000111,2.0
4,14,111000,2.0
4,15,000111,2.0
4,16,111000,2.0
4,17,111000,2.0
4,18,000111,2.0
4,19,111000,2.0
4,20,000111,2.0
4,21,000111,2.0
4,22,111000,2.0
4,23,111000,2.0
4,24,000111,2.0
4,25,111000,2.0
4,26,111000,2.0
4,27,111000,2.0
4,28,111000,2.0
4,29,000111,2.0
4,30,000111,2.0
4,31,000111,2.0
4,32,000111,2.0
4,33,000111,2.0
4,34,111000,2.0
4,35,000111,2.0
4,36,111000,2.0
4,37,000111,2.0
4,38,000111,2.0
4,39,000111,2.0
4,40,000111,2.0
4,41,111000,2.0
4,42,000111,2.0
4,43,111000,2.0
4,44,000111,2.0
4,45,111000,2.0
4,46,000111,2.0
4,47,000111,2.0
4,48,111000,2.0
4,49,111000,2.0
4,50,000111,2.0
4,51,000111,2.0
4,52,111000,2.0
4,53,000111,2.0
4,54,111000,2.0
4,55,111000,2.0
4,56,000111,2.0
4,57,000111,2.0
4,58,111000,2.0
4,59,000111,2.0
4,60,000111,2.0
4,61,000111,2.0
4,62,111000,2.0
4,63,111000,2.0
5,0,111000,2.0
5,1,111000,2.0
5,2,000111,2.0
5,3,000111,2.0
5,4,111000,2.0
5,5,000111,2.0
5,6,000111,2.0
5,7,111000,2.0
5,8,111000,2.0
5,9,000111,2.0
5,10,111000,2.0
5,11,111000,2.0
5,12,111000,2.0
5,13,000111,2.0
5,14,000111,2.0
5,15,000111,2.0
5,16,111000,2.0
5,17,111000,2.0
5,18,111000,2.0
5,19,000111,2.0
5,20,111000,2.0
5,21,111000,2.0
5,22,111000,2.0
5,23,000111,2.0
5,24,000111,2.0
5,25,000111,2.0
5,26,111000,2.0
5,27,000111,2.0
5,28,111000,2.0
5,29,111000,2.0
5,30,111000,2.0
5,31,111000,2.0
5,32,000111,2.0
5,33,111000,2.0
5,34,111000,2.0
5,35,000111,2.0
5,36,000111,2.0
5,37,000111,2.0
5,38,000111,2.0
5,39,000111,2.0
5,40,000111,2.0
5,41,111000,2.0
5,42,000111,2.0
5,43,000111,2.0
5,44,000111,2.0
5,45,000111,2.0
5,46,000111,2.0
5,47,111000,2.0
5,48,111000,2.0
5,49,111000,2.0
5,50,111000,2.0
5,51,111000,2.0
5,52,000111,2.0
5,53,000111,2.0
5,54,000111,2.0
5,55,111000,2.0
5,56,111000,2.0
5,57,000111,2.0
5,58,111000,2.0
5,59,000111,2.0
5,60,111000,2.0
5,61,000111,2.0
5,62,000111,2.0
5,63,111000,2.0
6,0,111000,2.0
6,1,111000,2.0
6,2,111000,2.0
6,3,000111,2.0
6,4,111000,2.0
6,5,000111,2.0
6,6,000111,2.0
6,7,111000,2.0
6,8,000111,2.0
6,9,000111,2.0
6,10,111000,2.0
6,11,000111,2.0
6,12,111000,2.0
6,13,000111,2.0
6,14,111000,2.0
6,15,000111,2.0
6,16,000111,2.0
6,17,000111,2.0
6,18,111000,2.0
6,19,111000,2.0
6,20,111000,2.0
6,21,000111,2.0
6,22,000111,2.0
6,23,111000,2.0
6,24,000111,2.0
6,25,000111,2.0
6,26,000111,2.0
6,27,000111,2.0
6,28,000111,2.0
6,29,111000,2.0
6,30,000111,2.0
6,31,000111,2.0
6,32,111000,2.0
6,33,000111,2.0
6,34,111000,2.0
6,35,000111,2.0
6,36,111000,2.0
6,37,000111,2.0
6,38,000111,2.0
6,39,000111,2.0
6,40,000111,2.0
6,41,111000,2.0
6,42,000111,2.0
6,43,111000,2.0
6,44,111000,2.0
6,45,000111,2.0
6,46,111000,2.0
6,47,111000,2.0
6,48,000111,2.0
6,49,111000,2.0
6,50,111000,2.0
6,51,000111,2.0
6,52,111000,2.0
6,53,000111,2.0
6,54,000111,2.0
6,55,000111,2.0
6,56,000111,2.0
6,57,000111,2.0
6,58,000111,2.0
6,59,000111,2.0
6,60,111000,2.0
6,61,000111,2.0
6,62,111000,2.0
6,63,111000,2.0
7,0,111000,2.0
7,1,111000,2.0
7,2,000111,2.0
7,3,111000,2.0
7,4,000111,2.0
7,5,111000,2.0
7,6,111000,2.0
7,7,111000,2.0
7,8,111000,2.0
7,9,000111,2.0
7,10,000111,2.0
7,11,000111,2.0
7,12,111000,2.0
7,13,111000,2.0
7,14,111000,2.0
7,15,000111,2.0
7,16,111000,2.0
7,17,000111,2.0
7,18,000111,2.0
7,19,000111,2.0
7,20,111000,2.0
7,21,000111,2.0
7,22,111000,2.0
7,23,000111,2.0
7,24,000111,2.0
7,25,111000,2.0
7,26,111000,2.0
7,27,000111,2.0
7,28,111000,2.0
7,29,000111,2.0
7,30,111000,2.0
7,31,111000,2.0
7,32,111000,2.0
7,33,000111,2.0
7,34,111000,2.0
7,35,111000,2.0
7,36,111000,2.0
7,37,111000,2.0
7,38,111000,2.0
7,39,111000,2.0
7,40,000111,2.0
7,41,111000,2.0
7,42,000111,2.0
7,43,000111,2.0
7,44,000111,2.0
7,45,111000,2.0
7,46,000111,2.0
7,47,000111,2.0
7,48,000111,2.0
7,49,000111,2.0
7,50,111000,2.0
7,51,111000,2.0
7,52,000111,2.0
7,53,000111,2.0
7,54,000111,2.0
7,55,111000,2.0
7,56,111000,2.0
7,57,111000,2.0
7,58,000111,2.0
7,59,111000,2.0
7,60,111000,2.0
7,61,000111,2.0
7,62,111000,2.0
7,63,111000,2.0
8,0,000111,2.0
8,1,111000,2.0
8,2,111000,2.0
8,3,000111,2.0
8,4,000111,2.0
8,5,111000,2.0
8,6,111000,2.0
8,7,000111,2.0
8,8,000111,2.0
8,9,000111,2.0
8,10,000111,2.0
8,11,000111,2.0
8,12,111000,2.0
8,13,000111,2.0
8,14,111000,2.0
8,15,111000,2.0
8,16,000111,2.0
8,17,111000,2.0
8,18,111000,2.0
8,19,000111,2.0
8,20,111000,2.0
8,21,000111,2.0
8,22,000111,2.0
8,23,111000,2.0
8,24,000111,2.0
8,25,111000,2.0
8,26,111000,2.0
8,27,000111,2.0
8,28,111000,2.0
8,29,000111,2.0
8,30,000111,2.0
8,31,111000,2.0
8,32,111000,2.0
8,33,000111,2.0
8,34,111000,2.0
8,35,111000,2.0
8,36,111000,2.0
8,37,111000,2.0
8,38,000111,2.0
8,39,111000,2.0
8,40,000111,2.0
8,41,000111,2.0
8,42,000111,2.0
8,43,111000,2.0
8,44,000111,2.0
8,45,111000,2.0
8,46,000111,2.0
8,47,111000,2.0
8,48,000111,2.0
8,49,000111,2.0
8,50,111000,2.0
8,51,111000,2.0
8,52,111000,2.0
8,53,000111,2.0
8,54,000111,2.0
8,55,000111,2.0
8,56,111000,2.0
8,57,000111,2.0
8,58,000111,2.0
8,59,000111,2.0
8,60,000111,2.0
8,61,000111,2.0
8,62,000111,2.0
8,63,000111,2.0
9,0,111000,2.0
9,1,111000,2.0
9,2,000111,2.0
9,3,000111,2.0
9,4,111000,2.0
9,5,000111,2.0
9,6,111000,2.0
9,7,000111,2.0
9,8,000111,2.0
9,9,000111,2.0
9,10,111000,2.0
9,11,000111,2.0
9,12,000111,2.0
9,13,111000,2.0
9,14,111000,2.0
9,15,000111,2.0
9,16,111000,2.0
9,17,111000,2.0
9,18,000111,2.0
9,19,000111,2.0
9,20,111000,2.0
9,21,111000,2.0
9,22,111000,2.0
9,23,000111,2.0
9,24,111000,2.0
9,25,000111,2.0
9,26,111000,2.0
9,27,000111,2.0
9,28,000111,2.0
9,29,000111,2.0
9,30,000111,2.0
9,31,111000,2.0
9,32,000111,2.0
9,33,000111,2.0
9,34,000111,2.0
9,35,000111,2.0
9,36,000111,2.0
9,37,000111,2.0
9,38,000111,2.0
9,39,111000,2.0
9,40,111000,2.0
9,41,000111,2.0
9,42,111000,2.0
9,43,111000,2.0
9,44,111000,2.0
9,45,000111,2.0
9,46,000111,2.0
9,47,111000,2.0
9,48,000111,2.0
9,49,111000,2.0
9,50,111000,2.0
9,51,000111,2.0
9,52,111000,2.0
9,53,000111,2.0
9,54,000111,2.0
9,55,000111,2.0
9,56,000111,2.0
9,57,111000,2.0
9,58,111000,2.0
9,59,000111,2.0
9,60,111000,2.0
9,61,111000,2.0
9,62,111000,2.0
9,63,111000,2.0
