record,PC1,PC2,PC3,cluster_k6
SYN-01,2.4601808054990575,-0.3786991279658427,0.17726000084836202,2
SYN-02,2.0576597651582875,-1.4664167516242534,-0.39232487113226144,2
SYN-03,1.6572555310739556,-0.31011231946305107,0.5926704982100668,2
SYN-04,1.1886428884324793,-0.0686804451333531,-0.2025064765710488,2
SYN-05,1.6794141492153463,-0.008280350240580494,0.6428782215481865,2
SYN-06,2.146698564732749,-0.05121883917665489,1.1621134685252192,2
SYN-07,1.5620054205144862,-1.4051491254122552,-0.5632951930525774,2
SYN-08,2.8125220657373213,-0.13896792501807154,0.43152880005895994,2
SYN-09,-1.4953371534527884,-0.30047792780622967,-1.4906543294318013,5
SYN-10,-1.0327298231413597,-1.0958898203476606,-2.4997027885646825,5
SYN-11,-1.9683532740170506,0.2830765162598995,-3.672710773813412,5
SYN-12,-2.325617395565411,-0.8329537372748674,-2.7938091976636326,5
SYN-13,-1.4627282637547487,-0.2141247891566256,-2.1643343461956888,5
SYN-14,-0.39454758069780194,-0.38379053589850304,-2.2649397411862626,5
SYN-15,-1.9367715956980642,-1.054724211570838,-1.7696567623007686,5
SYN-16,-1.4054614480588319,-0.7451580453531654,-3.0664262171676433,5
SYN-17,1.989269029819879,3.696416875740533,-0.7085773604883374,0
SYN-18,1.2633547920957502,3.442799196919906,-1.2892469132285702,0
SYN-19,-0.5172796583560273,1.9793779067395594,-1.1655814172950405,0
SYN-20,-0.030574683441072236,2.397640456340407,-0.5246117796915268,0
SYN-21,-0.3926118131551445,3.2316865855702246,-1.3448636635738322,0
SYN-22,-0.13321359078159778,3.072755231021869,-0.8633000615748417,0
SYN-23,0.11725947352473333,3.5190012206159436,-0.7709048539515501,0
SYN-24,-0.7130355457657475,3.4167863895928274,0.270506595165202,0
SYN-25,-3.0807178430400004,-1.29822541795346,0.4566218023044395,1
SYN-26,-2.314833857139028,-1.4879125325311733,-0.2986532175315078,1
SYN-27,-2.7904954167238745,-1.4749640441692893,1.4255907364722549,1
SYN-28,-2.1931895268843236,-1.1566655842348201,1.2954813929975064,1
SYN-29,-3.758286309692572,-0.842333095612863,0.33533510898385377,1
SYN-30,-4.0413774593006355,-2.3944664792573245,1.7858596497998158,1
SYN-31,-2.7844879201328996,-1.4585909518562272,2.1038038042075518,1
SYN-32,-2.8582254479644633,-1.5348747207899358,2.0392317994325317,1
SYN-33,2.281056624280298,-1.171365529107844,0.37016462928400545,4
SYN-34,2.4627300565825916,-2.236116249857971,-1.1332106876628476,4
SYN-35,2.0408427243575997,-3.457163918245498,1.0967701620891142,4
SYN-36,2.4230020578436227,-2.5954987135617857,-0.1655183527144824,4
SYN-37,1.8819024647379756,-1.758349845983397,0.11999499539363068,4
SYN-38,2.735251112290141,-2.487136670188579,0.13451116755878656,4
SYN-39,3.4316292722103974,-1.417981011298644,-0.2735829450310722,4
SYN-40,2.4166213428589187,-1.612783704444761,-0.12418491797990112,4
SYN-41,0.49646470091782013,2.3050498307020386,2.914047158919205,3
SYN-42,-0.35460163483430635,2.2932058774559807,1.270238883705313,3
SYN-43,0.4816980151031803,1.5778511272738738,1.2052391607044852,3
SYN-44,-0.7057434946844383,2.184993151771644,2.4470263891059325,3
SYN-45,0.9508582561897058,1.0298641103371171,0.46101404967200654,3
SYN-46,-0.7259172052288084,1.5524379203671612,3.4738973476080934,3
SYN-47,-0.8154432112721314,0.5767015093443209,1.6658057098765442,3
SYN-48,-0.30473796039317463,0.279428514482217,1.6650053353322225,3
