feature,PC1,PC2,PC3
synthetic_dimension_1,0.08106063000009106,-0.22275800325342648,0.5109250392504998
synthetic_dimension_2,-0.2674330865184572,-0.30921896247764347,0.11181568038209166
synthetic_dimension_3,0.3346959634015958,-0.34016285234106935,0.11399209065435872
synthetic_dimension_4,0.16187938565455753,-0.22111184830412492,-0.472412571700543
synthetic_dimension_5,-0.023858922324789148,0.3690999277630038,0.2647790529294654
synthetic_dimension_6,0.3872499430373297,-0.19022137943360948,0.12538560350011058
synthetic_dimension_7,0.14615305633122608,-0.0742721271224728,0.13886854236132143
synthetic_dimension_8,0.3388261286103673,0.20931782258748435,0.03566969729269319
synthetic_dimension_9,-0.04380786516475747,0.33077648324284753,0.30059526614144494
synthetic_dimension_10,-0.147893205688964,-0.1335908789481949,0.033353948573219334
synthetic_dimension_11,-0.3151683604801486,0.2955602424328519,-0.18460983857798316
synthetic_dimension_12,-0.22052016767118574,-0.3530413620776543,-0.03876375884952892
synthetic_dimension_13,-0.37099673664876953,0.0421753684330508,0.12548543494448264
synthetic_dimension_14,0.14161589100827673,0.27178276066603546,-0.12638377403296033
synthetic_dimension_15,-0.1526537697042107,-0.07687540408381956,0.4633758626332124
synthetic_dimension_16,-0.37978702648890295,-0.21818326372373648,-0.10202285651839386
